Metricas para cada etiqueta,estado
accuracy,0.8995996663886572
recall,0.8995996663886572
precision,0.9152752056581258
f1 score,0.8987578500668422
balanced accuracy,0.9016534391534392
log loss,2.313204600604743
average precision,0.9237422855446555
roc auc,0.9531371668164121
matthews corrcoef,0.8150459338837293
