Metricas para cada modelo,time lapsed,loss
0,2707149900,0.28852808678458236
1,2570125800,0.2997448086368989
2,2654751800,0.3006750353070868
3,2619687900,0.310075082878955
4,2649676000,0.3260615590837149
5,2805306100,0.3380535816451244
6,2675230800,0.36475196673796156
7,2735520600,0.4427795919084387
8,2613647300,0.45510233940342054
9,2716259000,0.5108662686654186
