Metricas para cada etiqueta,estado
accuracy,0.915038612654112
recall,0.915038612654112
precision,0.9283059977168326
f1 score,0.9153749924048563
balanced accuracy,0.9246516164994425
log loss,1.548287330900519
average precision,0.968461390351143
roc auc,0.9814886098315139
matthews corrcoef,0.8421881313190175
