Metricas para cada modelo,time lapsed,loss
0,4693593700,0.2229314935192493
1,5190575100,0.27060222319057164
2,5104826800,0.27474799186514853
3,5687835100,0.27769628983122047
4,6210080900,0.2850407089891205
5,5056220900,0.28821862276118837
6,6167112600,0.32406748606517044
7,4681512500,0.3460484578806056
8,4405861100,0.3765921819294847
9,4189571100,0.38818717822327187
