Metricas para cada etiqueta,Diagnosis
accuracy,0.9645024064586241
recall,0.9645024064586241
precision,0.9650881316244672
f1 score,0.9645373266432904
balanced accuracy,0.9627049246382691
log loss,0.12263479938589267
average precision,0.9834930697280639
roc auc,0.9853934199512321
matthews corrcoef,0.9247708871003385
