Metricas para cada etiqueta,Diagnosis
accuracy,0.9803229312218598
recall,0.9803229312218598
precision,0.9808592024924291
f1 score,0.9803385144081129
balanced accuracy,0.9803004640828459
log loss,0.7092334467530987
average precision,0.9570666515139488
roc auc,0.9803004640828459
matthews corrcoef,0.9584332251907628
