Metricas para cada modelo,time lapsed,loss
0,2860318900,0.026639447292722447
1,3136450100,0.04816219303708182
2,2963726700,0.051004037101344664
3,2998203500,0.06903022778003884
4,2943357100,0.0735225375489364
5,2998035000,0.09449992505806346
6,2934006700,0.09462131922611351
7,3354976700,0.1056885644119685
8,2893593500,0.17073218447135377
9,2879906600,0.19074355327941378
