Metricas para cada etiqueta,estado
accuracy,0.9567672833495616
recall,0.9567672833495616
precision,0.9607408107784176
f1 score,0.9566360649293807
balanced accuracy,0.9567051282051281
log loss,0.2235041194775219
average precision,0.9906329966965159
roc auc,0.99301775147929
matthews corrcoef,0.917483100442839
