Metricas para cada modelo,time lapsed,loss
0,8163566500,0.10609016704079313
1,9378227600,0.12102367564705385
2,8419944500,0.1460342443254371
3,9445564300,0.22655825398833476
4,9243020200,0.37598379493239875
5,8735959900,0.4258892068916268
6,10357063100,0.45347854257274406
7,11597906600,0.4588895354707817
8,9114405700,0.4803086470196261
9,8554031900,0.4995133828366145
