Metricas para cada modelo,time lapsed,loss
0,11650576700,0.3570459921356792
1,14083777100,0.396297426382345
2,10821736500,0.4074579490393383
3,11497144400,0.46740141692168224
4,10197235600,0.5275462807621679
5,10054660600,0.5293390360892877
6,9725835400,0.5517648315049487
7,9551540100,0.5885767180816871
8,11499388800,0.5903429884387005
9,10309912500,0.5987916302415829
