Metricas para cada etiqueta,estado
accuracy,0.768756371049949
recall,0.768756371049949
precision,0.7566666230844659
f1 score,0.7242190621380856
balanced accuracy,0.7662473794549267
log loss,2.6342243965744827
average precision,0.9300878941356083
roc auc,0.9569410268536753
matthews corrcoef,0.5662383223615417
