Metricas para cada etiqueta,estado
accuracy,0.9380980433410478
recall,0.9380980433410478
precision,0.9406529554066853
f1 score,0.9379945361674266
balanced accuracy,0.9376706689536877
log loss,0.3579394594564156
average precision,0.9825895385015108
roc auc,0.9826075852868306
matthews corrcoef,0.8778875995384919
