Metricas para cada modelo,time lapsed,loss
0,1356723100,0.5032622097949058
1,1346676500,0.5693780514555535
2,1260294200,0.6769665202890924
3,1418190900,0.6804568117730481
4,1376884000,0.701947218087904
5,1410168400,0.7055456959249835
6,1338748000,0.7188648287807684
7,1350845700,0.7196166922620663
8,1362995700,0.736702947212519
9,1369586900,0.800223365476711
