Metricas para cada etiqueta,estado
accuracy,0.9364796633941093
recall,0.9364796633941093
precision,0.9473790787866352
f1 score,0.9376767559728375
balanced accuracy,0.950846113167636
log loss,0.20392647988365076
average precision,0.9368981524572496
roc auc,0.980723610139711
matthews corrcoef,0.8734916509620396
