Metricas para cada modelo,time lapsed,loss
0,7829924700,0.19974954446220416
1,8036864500,0.22711043378310816
2,7503568400,0.2879897311732173
3,8303260400,0.3369428991346298
4,8069658300,0.3373316091671626
5,7374303200,0.3622315332968311
6,7346394000,0.4244928338546562
7,9656291400,0.4513916620665847
8,8331517800,0.4887148249316141
9,7569497000,0.5458464211404298
