Metricas para cada modelo,time lapsed,loss
0,5939488900,0.13846491561869104
1,6487265300,0.2089249143455847
2,5903162900,0.21027033784614638
3,6590077200,0.2380558043605758
4,5806698300,0.31064847610030355
5,5210655900,0.3307979808748974
6,6271792700,0.3351090212648922
7,7193962800,0.5397856362051411
8,5108070700,0.573853385038001
9,6893142400,0.5863419731465738
