Metricas para cada etiqueta,estado
accuracy,0.7423206395960447
recall,0.7423206395960447
precision,0.7433073401143142
f1 score,0.6930582109215078
balanced accuracy,0.7497843137254903
log loss,2.4825288205613307
average precision,0.9313033557046276
roc auc,0.9596150917813935
matthews corrcoef,0.5327459614159921
