Metricas para cada modelo,time lapsed,loss
0,10972263800,0.38913978912238045
1,11276397500,0.4611963158370787
2,11045595200,0.5083706279787202
3,13235625000,0.5245108821600026
4,10271772100,0.526924087659502
5,11009540000,0.5390701514217306
6,11235188200,0.5447043734336932
7,12552521200,0.5642609314157823
8,10749448800,0.5697642596814224
9,14089359100,0.6086127572138206
